timestamp,vda:172.17.16.11:9100,vda:172.17.16.13:9100,vda:172.17.16.14:9100,vda:172.17.16.15:9100
1640667492,0.02324008810567764,0.010989615784006977,0.0070341920374690356,0.014087875273806241
1640667507,0.009825302882609214,0.0015896988214720864,0.0012105263157943039,0.0018900852400129313
1640667522,0.003297496318031207,0.0018285714289439576,0.0013810344827577174,0.0020538922155298248
1640667537,0.0019772727274511297,0.002465116278838742,0.0016999999999340314,0.001111111112145914
1640667552,0.0027024221451869266,0.0013214285718277097,0.0010800000000745057,0.002813953488014725
1640667567,0.0021123595508286373,0.001851851851420684,0.0014062499999454303,0.005309090909378773
1640667582,0.00225352112639984,0.0014909090918742798,0.0011428571430899736,0.0023281250005311453
1640667597,0.002475728155385016,0.0012427696495394718,0.0010685314685320655,0.0013240211411892002
1640667612,0.001559322034298195,0.001350994644216821,0.0010401614530781574,0.0014206198608378454
1640667627,0.03329107142843506,0.001466666667034761,0.0014339622641685154,0.0021111111111369813
1640667642,0.0023510638299952956,0.001272727269679308,0.001199029126157645,0.0015907172997332794
1640667657,0.002666666666463686,0.0012571428569832016,0.0011481481482473166,0.0019285714287044747
1640667672,0.0031947368425072026,0.0012105263150787276,0.001641025640986836,0.0020000000007539278
1640667687,0.0029795918357083387,0.0022800000011920928,0.0010000000002037268,0.0025555555540550915
1640667702,0.0028388888892045038,0.0014056603771300529,0.0012200000000302678,0.0018533333336624006
1640667717,0.0022688172044112317,0.0018936170220493953,0.0010606060607118925,0.002166666666097525
1640667732,0.003006172839287714,0.0014166666660457847,0.0012499999997089618,0.0018928571423332738
1640667747,0.0017234042554380412,0.0014285714299018893,0.0014999999998095022,0.0018333333331005024
1640667762,0.0013541666679278324,0.001480519480537623,0.0014285714299018895,0.0017428571441476899
1640667777,0.002136363636332849,0.0014285714282388133,0.0013999999999000196,0.0012222222220670017
1640667792,0.0016395348830819997,0.0014333333335040759,0.0012692307696292677,0.0014857142847696583
1640667807,0.001658163265662496,0.0017407407414995963,0.0015454545454386705,0.0010999999998603017
1640667822,0.0014285714283900019,0.0014358974354437145,0.0011249999988649508,0.0017865168537651555
1640667837,0.0018786407766402564,0.001510204082088811,0.0012380952382319798,0.0017777777781399589
1640667852,0.0015272727257318118,0.0015764705877860678,0.0013500000000931324,0.001971428571934146
1640667867,0.0023267326735132206,0.002000000003525721,0.001374999999825377,0.0012999999977182598
1640667882,0.001510204082088811,0.002021052631377978,0.0014999999996992603,0.0021486486492338715
1640667897,0.0022755102040626263,0.0012400000006891787,0.001357142857159488,0.0015555555518302652
1640667912,0.0018514285708910653,0.0021279069769661874,0.001710526315850745,0.0019347826094852517
1640667927,0.0019702970299242746,0.0017368421050425816,0.0013973214285475219,0.0013999999966472388
1640667942,0.0021230769230243867,0.0011250000025029294,0.0017500000000067162,0.002199186991977816
1640667957,0.0017424242422831328,0.0014634146340895536,0.001129032258177176,0.001958333331761726
1640667972,0.0022401746726436254,0.001368421050229747,0.0012765957446313125,0.0016315789482752353
1640667987,0.0015666666673496365,0.001600000000325963,0.0016176470590460882,0.002012658227659479
1640668002,0.002398104265098288,0.0011250000025029294,0.001249999999345164,0.00182142857270914
1640668017,0.0014411764705608435,0.0016636363638099284,0.001267326732643299,0.0014285714299018893
1640668032,0.001965174129445903,0.001166666663872699,0.001750000000174623,0.002304347825449203
1640668047,0.0016825396829979523,0.0016216216215586944,0.001777777777600999,0.001363636364906349
1640668062,0.0026091954024540713,0.0012972972975615915,0.001374999999825377,0.001598984771585423
1640668077,0.0017218045107810233,0.0018611111113892144,0.001287037037130816,0.001958333331761726
1640668092,0.0017098445599715328,0.0020901639344643986,0.0012962962958866866,0.0015416666671323278
1640668107,0.0024408602145730806,0.0012857142885747764,0.003076923077549929,0.0015200000000186262
1640668122,0.003254901960163432,0.0016249999971478246,0.001615384615433868,0.0013428571434425454
1640668137,0.002127118643977032,0.001490566037147183,0.0011868131867351502,0.0021249999990686774
1640668152,0.002235294118815777,0.0010000000009313225,0.0014081632653702696,0.0018305084747025524
1640668167,0.002304832713737336,0.0022933333336065216,0.0016354166667345755,0.0017352941178935856
1640668182,0.001661016949120972,0.0012999999977182598,0.0016666666662786154,0.0012790697672794204
1640668197,0.0019171270715504967,0.0010232558138235364,0.0018030303031220242,0.0016470588230089668
1640668212,0.003632183909287741,0.0014183673471906127,0.0015263157894655148,0.0018051282051974574
1640668227,0.00213725490189687,0.0014444444446809707,0.001526315789210218,0.001750000003085006
1640668242,0.0021315789475154718,0.0018333333331005024,0.0011783783784217981,0.0015434782607885807
1640668257,0.0015624999996362021,0.0017916666668800947,0.0012499999999514937,0.0015740740733842054
1640668272,0.003536912751690353,0.0013055555545078178,0.0018873239437390357,0.0017368421050425818
1640668287,0.0020760869564306313,0.0012142857137535299,0.001968749999832653,0.001600000000325963
1640668302,0.0024871794871078466,0.0013076923082385643,0.0021249999999781726,0.0015172413801212378
1640668317,0.0017399999999906867,0.0016739130432656764,0.0012150537635710452,0.0011428571389322834
1640668332,0.0021298701297370838,0.0017272727272938937,0.0015238095234270165,0.0014827586208662853
1640668347,0.0015874999997322447,0.0015500000008614734,0.0018472222222448587,0.0013999999966472388
1640668362,0.0016577540109940074,0.002777777773897267,0.0012857142864959314,0.0017590361446736898
1640668377,0.0013913043481095328,0.0016060606064980454,0.0014745762711785482,0.0014285714299018893
1640668392,0.002256983240114202,0.0016818181810032747,0.0017346938773847129,0.002675675675860262
1640668407,0.0014800000004470347,0.0011794871795409096,0.0015357142858972242,0.0018888888880610466
1640668422,0.002124999999675007,0.012114285714259106,0.0011428571430899736,0.002724999999918509
1640668437,0.0016923076920927719,0.0015416666671323278,0.00129824561391663,0.0012500000011641532
1640668452,0.0022032967036856076,0.0013428571434425454,0.0012432432432998779,0.0024000000004889446
1640668467,0.0016343283576459916,0.0014444444419091775,0.0009999999996840156,0.0015555555518302652
1640668482,0.0012884615392137605,0.001231707317368468,0.0014137931033599608,0.0023272727277468554
1640668497,0.0021219512192168976,0.0017391304338715322,0.0011807228915438235,0.0012307692310199714
1640668512,0.001326086956238293,0.0016875000001164155,0.0011884057972381108,0.0015999999991618097
1640668527,0.0023571428575772137,0.0018888888880610466,0.001200000000244472,0.0016333333333022892
1640668542,0.0016458333314706881,0.0014117647058275692,0.0013724489795930244,0.0015327102802780883
1640668557,0.0022187499998835847,0.001172413794596776,0.0017857142852985167,0.0029600000008940695
1640668572,0.001981595092584476,0.0011904761888131144,0.0011578947374609448,0.001999999998952262
1640668587,0.002319148936100859,0.0015625000005456968,0.0018791208789839951,0.00154545454477722
1640668602,0.003127551020469935,0.001333333330694586,0.0013636363649063487,0.0020454545460366225
1640668617,0.002030769230511326,0.001181818181507741,0.001279999999969732,0.0018888888880610466
1640668632,0.0030353535354758305,0.0013809523827928518,0.0010999999998603017,0.0026206896552045285
1640668647,0.0018965517238970716,0.0014117647044579774,0.001307692307119186,0.0013333333319880897
1640668662,0.002450867052017738,0.0018421052628311149,0.00194444444463847,0.0019761904762754775
1640668677,0.0019010989005667168,0.0011894736843379705,0.0011834862385395862,0.002888888883818355
1640668692,0.0015961538458493752,0.0011153846168711495,0.0013684210525274178,0.0012926829271813537
1640668707,0.0020905172413190954,0.0012857142802593963,0.0014461538463365288,0.0022692307695531505
1640668722,0.00146511628097573,0.0014615384615563715,0.0017419354835217218,0.0019864864864487302
1640668737,0.002201793721622282,0.0011940298509895246,0.0012187500001346054,0.0017599999997764825
1640668752,0.0014565217399807725,0.0013428571434425454,0.0010454545455021698,0.001600000001490116
1640668767,0.0020531400968433144,0.001799999998183921,0.0017968750000818545,0.0027999999979510903
1640668782,0.0016476190471578212,0.00135294117653222,0.0013698630135790255,0.0022982456149500717
1640668797,0.003445945946008873,0.0012749999994412066,0.001107142857238484,0.0021249999990686774
1640668812,0.0012978723401481165,0.0012916666673845612,0.001418604651197986,0.0017999999996391124
1640668827,0.0032291666666424135,0.0019186046509191306,0.0011818181823896753,0.0015555555582977831
1640668842,0.0015789473683597815,0.001615384615993557,0.001165803108763051,0.002031249999812904
1640668857,0.001815028901809471,0.0013714285717079683,0.0015238095238889818,0.0012500000011641532
1640668872,0.0024810126581806926,0.0010800000000745057,0.0012950819671787627,0.0017882352941395604
1640668887,0.0022424242431015678,0.0016956521734676282,0.0012500000000153179,0.0011250000025029294
1640668902,0.0030301507537828843,0.001111111112145914,0.001629629629422669,0.002139534883818394
1640668917,0.0017526881714221292,0.0018767123286012712,0.001107142857238484,0.0018888888880610466
1640668932,0.0021153846151159643,0.0015588235298363382,0.0014262295081890874,0.001227272727357393
1640668947,0.0015539215688191938,0.0012727272749709136,0.0010769230765827861,0.0022622950815931577
1640668962,0.0013962264155160705,0.0021666666652890854,0.0014761904763179788,0.0015121951227916814
1640668977,0.002041474654240542,0.001240963855455349,0.001144736842099136,0.0021302521007699
1640668992,0.0019399999990127978,0.001307692307119186,0.0014468085106234365,0.001593749999301508
1640669007,0.002668141592932717,0.0012800000002607702,0.0017142857146349602,0.0018979591835404234
1640669022,0.0017450980399278742,0.0020000000004074536,0.0015238095241199645,0.0018076923084803496
1640669037,0.0018208092489048321,0.0015757575765195668,0.0012388059701301407,0.0015555555582977831
1640669052,0.0018965517232280183,0.0018421052618099278,0.0012972972971682965,0.0015641025637682434
1640669067,0.0021005025128810547,0.001600000000325963,0.002833333334516889,0.0017499999958090486
1640669082,0.0025631067957909946,0.0015882352942272145,0.001541666666525998,0.0015176470590043155
1640669097,0.0018397790054373896,0.0015599999995902182,0.0010833333333374912,0.0017777777781399589
1640669112,0.0014782608689173405,0.0021351351358650907,0.001374999999825377,0.0017555555561557413
1640669127,0.00260674157389178,0.001439999999323239,0.001300000000628643,0.0022857142861799472
1640669142,0.001546875000106714,0.0013076923115966984,0.0015806451612602797,0.0018185483871005293
1640669157,0.0017083333332266193,0.0014255319144874019,0.0012108108108215083,0.0012222222220670017
1640669172,0.0016603773582797004,0.001393939393120959,0.0015000000001656679,0.0021249999990686774
1640669187,0.0016835443041865019,0.001603773585301033,0.0018484848480897417,0.001400000002468005
1640669202,0.0016284153002818099,0.001250000001164153,0.0012794117649130331,0.001416666666045785
1640669217,0.001705882352932046,0.001742857142484614,0.0011935483869878693,0.0013000000035390258
1640669232,0.0021020408163835505,0.001253968254396958,0.0013846153843377787,0.0012173913039631493
1640669247,0.002407407407185664,0.00154545454477722,0.0011250000006839402,0.001799999999348074
1640669262,0.0021234567903764085,0.002040816326055448,0.0020454545453751716,0.001977272727262144
1640669277,0.001918552036194881,0.0012340425535977044,0.0012946428571792368,0.001629629629422669
1640669292,0.0018453608247806731,0.0010384615385331786,0.0017169811320820612,0.001500000001054586
1640669307,0.0012500000011641532,0.002375000000029104,0.001166666666298018,0.0023749999963911246
1640669322,0.002395833333139308,0.0016666666617513532,0.0015000000003055902,0.001849315068620729
1640669337,0.0014545454542538284,0.001328358209497337,0.001249999999864875,0.0011428571472476637
1640669352,0.0016820809246724567,0.001052631579927708,0.0016122448979164188,0.0015208333328094643
1640669367,0.0020842105272765223,0.0015799999993760137,0.001181818181948708,0.0015000000057625584
1640669382,0.0038235294116382825,0.0012500000011641532,0.0022941176468842008,0.0015357142858972242
1640669397,0.0017916666668800947,0.0013703703707842914,0.001133333333321692,0.0020769230770663573
1640669412,0.0018969072165812566,0.0016521739130637243,0.0011093749999417921,0.0011250000000776101
1640669427,0.003989010987864746,0.001374999999825377,0.0018152173913182671,0.0024347826079262986
1640669442,0.002546961326023451,0.0014554455445267925,0.0012857142864959314,0.002013157894620427
1640669457,0.0104651162793405,0.0011739130435592454,0.0016333333333022892,0.0016250000007858034
1640669472,0.002876404494968023,0.0012499999982537701,0.0011714285713553961,0.0019322033898541862
1640669487,0.0023591160215951953,0.001448717948873169,0.001481481481783299,0.0012500000011641532
1640669502,0.004038961040303595,0.001374999999825377,0.0015384615387749644,0.0021818181809397756
1640669517,0.002065989847748829,0.0013448275858536363,0.0015584415583810832,0.0016666666670062114
1640669532,0.0012888888880196545,0.0011052631583113811,0.0012800000000667447,0.0014545454548417847
1640669547,0.0016990291255354448,0.0015813953494977987,0.001563636363558048,0.001627906976906626
1640669562,0.0021275510204889414,0.0011249999952269718,0.0012857142864959314,0.0015238095227340682
1640669577,0.00145081967233726,0.0017216494846993041,0.001224999999976717,0.001722222223179415
1640669592,0.002908571428353233,0.00217021276624477,0.0011012658227789157,0.002063492063565978
1640669607,0.0018777777777156896,0.0012857142802593963,0.0011428571430899734,0.002296296295416714
1640669622,0.002211956521774561,0.0012000000046100468,0.0014520547945173583,0.0016666666673752818
1640669637,0.0023739130438669865,0.0013571428564665396,0.0011111111110679943,0.0017142857125561153
1640669652,0.001733695652270082,0.0009999999994128618,0.001076923076582786,0.0016756756750338183
1640669667,0.0016881720430808522,0.0013030303031855235,0.0012500000000066145,0.0011250000025029294
1640669682,0.0022009345795306434,0.0011111111121459138,0.0012857142864959314,0.0021182795697372524
1640669697,0.0018513513511877406,0.001222222222067002,0.0013777777778967801,0.0018571428621986083
1640669712,0.0018518518519596437,0.0014411764705608435,0.0010869565214860536,0.001967741935063273
1640669727,0.001492753623228898,0.001364864865192086,0.0012727272723251108,0.0024824561403141146
1640669742,0.003223684210465045,0.0014999999998095025,0.001481481481783299,0.001678571429303182
1640669757,0.002552511415563388,0.001307692307119186,0.0012010869564698583,0.001999999995210341
1640669772,0.0016938775506972962,0.001126760563609833,0.001511111111418965,0.0032894736842105266
1640669787,0.0024899999995250254,0.0011428571389322834,0.0012857142844170863,0.0015662650602970675
1640669802,0.0013282051280093118,0.001603773585301033,0.001444444444449988,0.0015769230779439497
1640669817,0.0026767676769087864,0.0011250000000776101,0.001275862068849102,0.001499999995576218
1640669832,0.004291666666783081,0.0011481481466304373,0.0012692307696292677,0.002343750000363798
1640669847,0.001999999999961987,0.001224999999976717,0.001272727272589691,0.0014999999984866008
1640669862,0.0019509202452159366,0.0011250000025029294,0.0015090909090676261,0.001823529411922209
1640669877,0.0015172413799205218,0.0012063492063639893,0.0013153153153866329,0.0014285714299018893
1640669892,0.001816216216271592,0.0010967741930677042,0.0011999999997594083,0.0016210526313730762
1640669907,0.0015858585847485247,0.0021500000002561137,0.001166666666298018,0.0014166666660457847
1640669922,0.001733333333524772,0.0012800000002607705,0.0012368421054193995,0.0018000000001241764
1640669937,0.0020133333342770734,0.0011851851854266392,0.0012812499999199645,0.0025263157899883624
1640669952,0.0016442307689710734,0.0012727272723251106,0.0010476190474860015,0.003833333333507956
1640669967,0.001983050846936718,0.0014933333336375654,0.0015600000001722947,0.001559999999590218
1640669982,0.004942708333449749,0.0016249999995731437,0.001471428571468485,0.0031186440679386762
1640669997,0.0021171171169912626,0.0012916666673845612,0.0010689655173337085,0.0021874999983992893
1640670012,0.0015185185187829681,0.0011428571417040768,0.0013333333329986392,0.0023999999999068677
1640670027,0.0025767634856549413,0.0018000000001241764,0.001241025641017283,0.001636363640004261
1640670042,0.0012941176468944727,0.0013829787234537938,0.0014000000010128135,0.0020810810810789836
1640670057,0.001749999999803692,0.0011250000000776101,0.0014310344827365418,0.0021428571365374543
1640670072,0.0026078431378575226,0.0011499999993247912,0.0013866666665611168,0.0015641025652607474
1640670087,0.001885106382851905,0.0015384615376555862,0.0013750000002801244,0.0017222222221014952
1640670102,0.001720000000204891,0.0014038461544819605,0.0022222222210580692,0.0023157894733901088
1640670117,0.0019230769228779224,0.0014285714285159929,0.0013265306122924143,0.0009999999976051705
1640670132,0.0016400000010617078,0.001166666667106458,0.001260869564999745,0.0017027027033445598
1640670147,0.0021048034932749046,0.0014999999998095022,0.001128571428541493,0.0017777777781399589
1640670162,0.001959999999962747,0.0014444444419091775,0.0015714285733078473,0.002119402984963424
1640670177,0.0013315789475056685,0.0013012048193668745,0.0014455445543897457,0.0016499999997904526
1640670192,0.0017882352941395606,0.0018809523815954373,0.0012857142859762202,0.0014999999994567284
1640670207,0.001366666667551423,0.0012999999977182598,0.0012499999993451638,0.002576923078427521
1640670222,0.0018169642857433896,0.001714285715327909,0.0021000000000640285,0.002585714285461498
1640670237,0.0015757575747556982,0.0014421052630304507,0.0011884057970272136,0.0016000000003259629
1640670252,0.0017914438500681662,0.0024144144142508035,0.0013428571430267764,0.002153846153165572
1640670267,0.002607142857630693,0.001374999999825377,0.001342857142818892,0.0015000000033372392
1640670282,0.0019510869568203696,0.00167407407425344,0.001558823529408341,0.002205479451557239
1640670297,0.0019281045746764329,0.0018222222221083938,0.0012758620688491018,0.010625000002619345
1640670312,0.004647482014864201,0.0011304347831553414,0.0012812499999199645,0.0022352941176744506
1640670327,0.002651685392327104,0.0013253012046509657,0.0012000000002444723,0.0011999999987892809
1640670342,0.0017929292934231761,0.0014999999984866008,0.0012222222220670017,0.002504273504317284
1640670357,0.00161904761833804,0.001720000000204891,0.001216346153831602,0.0012857142885747764
1640670372,0.0017530864196611039,0.0020263157892163454,0.0010869565221187456,0.0018333333331005026
1640670387,0.001953846153516609,0.001273972602650421,0.0016551724136285163,0.0015853658537153246
1640670402,0.0017349397600908954,0.0016956521734676282,0.0012380952382319798,0.001846153844291201
1640670417,0.0018037383174784828,0.0016400000010617075,0.0011999999997594083,0.0017083333344392788
1640670432,0.002736842105054836,0.0013636363622605463,0.0017738095238677314,0.0013500000000931324
1640670447,0.002323809523867177,0.001600000001490116,0.0019074074074591474,0.0014545454548417847
1640670462,0.0029565217395218606,0.0014310344824856468,0.0013428571426110075,0.0017019230766051735
1640670477,0.0018468899524249312,0.0014531249998981366,0.0010980392156246428,0.0013333333384556074
1640670492,0.0019137931020191774,0.0015454545465410884,0.0015116279070308907,0.00178260869554082
1640670507,0.0030942622951010516,0.001799999999348074,0.0012222222220670017,0.0014166666660457847
1640670522,0.0020545454547655855,0.002000000004449652,0.0019090909091491169,0.0021123595501746184
1640670537,0.0017096774193510833,0.001166666666298018,0.0012363636363509367,0.002222222224291828
1640670552,0.0018275862073943276,0.0019596774194900308,0.0013611111110852412,0.0014516129027000596
1640670567,0.0014736842106733666,0.0021249999990686774,0.0012857142864959314,0.002047619047862966
1640670582,0.001855721393141395,0.0017666666661777222,0.0014444444451429364,0.0017627118642726063
1640670597,0.001919463087004553,0.001600000001490116,0.0015137614678311668,0.0022857142861799472
1640670612,0.0017125748500819067,0.0012380952359221523,0.0011818181817282248,0.0031111111122838877
1640670627,0.0015942028983482633,0.001606382978857158,0.00120418848165406,0.0019285714287044747
1640670642,0.0016428571432784555,0.0015882352942272145,0.0012857142864959317,0.0015700000000651924
1640670657,0.0016065573770186452,0.002043478261760395,0.0013369565218137882,0.00222222221782431
1640670672,0.0015471698123223658,0.002324675324723705,0.0011304347825226496,0.002101265823120794
1640670687,0.0024611872145650937,0.0012911392399404622,0.001444444443526057,0.0014285714271300958
1640670702,0.0013725490186034756,0.0011250000025029294,0.001590909091067839,0.0022857142861799472
1640670717,0.0026981132077536422,0.0011199999996460974,0.0011785714284217519,0.0015263157884443277
1640670732,0.001333333332748974,0.0013055555561246972,0.0016842105258930182,0.0036071428580076565
1640670747,0.0026239669421872446,0.001600000000325963,0.0011052631583113811,0.002049999998416752
1640670762,0.0016122448985103747,0.0015671641788264708,0.0018571428559620731,0.0013783783793474573
1640670777,0.0017555555552934054,0.0013018867927867006,0.001375000000007276,0.0025499999988824133
1640670792,0.0036460674155943014,0.0010384615385331786,0.0013333333336049689,0.0018888888880610466
1640670807,0.0019014084508353973,0.0016521739130637243,0.0015161290319801698,0.002285714286179947
1640670822,0.0019710144930145733,0.0011999999987892809,0.001250000001164153,0.0014777777781192628
1640670837,0.002040540539923854,0.0014285714285159929,0.0015245901639468313,0.0018571428538832282
1640670852,0.0014886363642290237,0.001428571428713978,0.0013333333329120208,0.0018000000001241764
1640670867,0.003511737088755893,0.001514285713866619,0.0011486486487351734,0.0011999999987892809
1640670882,0.0015454545465410884,0.001529411765445462,0.002047619047862966,0.0018227848104979323
1640670897,0.0021801801799033005,0.0017083333344392788,0.0010999999998603017,0.0011428571389322834
1640670912,0.0019012345690970068,0.002095238094972003,0.0013125000000400178,0.0018387096783807199
1640670927,0.0023499999998603015,0.0018426966290983758,0.0010000000002037268,0.001961538460678779
1640670942,0.0014374999998835849,0.0013809523800210584,0.0013999999995576219,0.0019282511210449106
1640670957,0.002380487804937108,0.0013157894733778544,0.001561643835635575,0.002681818182199178
1640670972,0.0017599999997764825,0.001300000000628643,0.001166666666298018,0.0015238095241199645
1640670987,0.0016986301368672283,0.00154545454477722,0.0015148514852049936,0.0028888888902858724
1640671002,0.0010243902442885972,0.0018222222234018975,0.0017142857146349602,0.0020744680851806905
1640671017,0.002476595744411362,0.0012916666649592417,0.0012941176468944727,0.0012999999977182598
1640671032,0.0014000000013038515,0.0020285714284649916,0.0012608695656324371,0.0013809523800210584
1640671047,0.0014328358211874294,0.0012500000011641532,0.0013424657533991418,0.002103448275412465
1640671062,0.002334677419463743,0.0014112903224867618,0.0015000000000457347,0.001580838323413941
1640671077,0.0015151515142107852,0.0011756007393689519,0.0011736526946102557,0.002136363634649156
1640671092,0.0016842105266589083,0.0012352941181127202,0.001772727272592337,0.004272727273267016
1640671107,0.005056338027303277,0.0018979591835404234,0.0012325581395321765,0.0018809523811334713
1640671122,0.0018968609868519576,0.001338028169440394,0.0011971830986817302,0.0020808823529103607
1640671137,0.0013749999991639265,0.0016666666654470775,0.0012500000000066145,0.0015555555550640242
1640671152,0.0036464646468033096,0.0020000000004074536,0.001307692307119186,0.0017692307690874891
1640671167,0.0014833333319984377,0.0012499999999514935,0.002037037037317296,0.0018333333331005024
1640671182,0.001986111111128358,0.0011250000025029294,0.001234042552978474,0.0016764705891118329
1640671197,0.0022125000003143215,0.0012698412691760394,0.0010000000002037268,0.001374999999825377
1640671212,0.0019041095885818137,0.0014583333346915122,0.0014516129031694762,0.0021562499987339834
1640671227,0.0023157894746155335,0.0014285714299018893,0.001236966824637929,0.0015555555582977831
1640671242,0.0023487179486367566,0.0019230769226291718,0.0012499999993451638,0.0019653679654848847
1640671257,0.007486238532033194,0.0014230769227605122,0.0013461538462881714,0.0012222222220670017
1640671272,0.00242696629230226,0.0022528735631755716,0.0012857142854565088,0.0025316455690308085
1640671287,0.004041025640729528,0.0012000000046100466,0.001674157303425724,0.0015312499999708962
1640671302,0.001976470588980352,0.001272727269679308,0.001374999999825377,0.0013809523827928518
1640671317,0.002287081339726287,0.0013108108109303723,0.0012857142856049979,0.0013500000000931324
1640671332,0.0024523809524474756,0.0011875000018335413,0.0013220338984510972,0.0018863636360038072
1640671347,0.0025671641788311043,0.0013636363627897068,0.0017142857142191912,0.0021000000007916244
1640671362,0.0028125000001940252,0.001681818182326176,0.0012580645160332712,0.0016982758619445216
1640671377,0.0021045296168999703,0.0014516129027000596,0.0012500000000569423,0.0015714285712290022
1640671392,0.004755555553775694,0.0015000000033372392,0.0013272727273446932,0.002136363637294959
1640671407,0.0022857142855403027,0.0012444444440512193,0.001076923076582786,0.0019090909098105676
1640671422,0.0016853932586885737,0.0013333333319880897,0.0015517241378708196,0.002953846153552429
1640671437,0.0015081967223344037,0.00161702127661556,0.0012727272727030823,0.0023636363647793505
1640671452,0.0017974276523857445,0.0012941176468944725,0.0015000000003055902,0.0029411764699034393
1640671467,0.0034320987660414826,0.0016111111116414475,0.0014473684208688178,0.00234090909097259
1640671482,0.0025316455695220124,0.0015223880599030473,0.001338235294122783,0.0015769230757051937
1640671497,0.0022925170071955237,0.0016279069769066263,0.0011739130435592454,0.0018400000012479723
1640671512,0.0036783625728488843,0.0011176470571252354,0.0015714285712290022,0.0015000000001034804
1640671527,0.0015344827592469238,0.0012222222220670017,0.0014375000000654838,0.002307692305364001
1640671542,0.0024292452830847635,0.0017037037048592337,0.003333333333406093,0.0016566037736341075
1640671557,0.0016818181805623071,0.0018490566037384407,0.0011877729257519915,0.0012222222220670017
1640671572,0.002097142857632467,0.0015365853650131966,0.0016829268293449564,0.0023333333330370033
1640671587,0.0017299999995157122,0.001486486487084295,0.0015833333333527357,0.0017500000006596868
1640671602,0.004283333333700688,0.001600000000325963,0.0016153846153539124,0.001333333333604969
1640671617,0.002024999999169571,0.0013500000000931324,0.0011612903223478144,0.0017931034471357946
1640671632,0.0015918367366515556,0.0014999999968697212,0.0016551724138794113,0.0016250000007858034
1640671647,0.0020887850463895178,0.002034482758909721,0.001489795918448125,0.0019374999992578525
1640671662,0.0019436619723294402,0.002692307692256521,0.0015714285712290022,0.0019459459460801907
1640671677,0.0021493212668629723,0.0018064516132712482,0.0010735294118229136,0.001555555558297783
1640671692,0.002011904761838239,0.0016315789482752353,0.0015230769228834946,0.0022162162160777764
1640671707,0.001875,0.002296296295416714,0.002014492753769973,0.0011999999987892809
1640671722,0.0028170731710837928,0.0014358974354437145,0.0014347826087243343,0.0018518518519596437
1640671737,0.0019452054793499922,0.001227272727357393,0.001187500000014552,0.002333333334212916
1640671752,0.003534090908942744,0.0015909090923907406,0.0018055555552160109,0.0033043478261274486
1640671767,0.0016176470586180907,0.0016999999992549418,0.0022708333335685893,0.0025294117650071926
1640671782,0.0015023255818198587,0.0016666666660630316,0.0013636363635834477,0.0016969696964334808
1640671797,0.0023437500000000003,0.0014519230770439697,0.0012727272726190887,0.002090909091445307
1640671812,0.002407407407062473,0.001304347827301725,0.0013076923082385643,0.002333333334212916
1640671827,0.0024823529412969945,0.0013999999966472388,0.0016666666670062114,0.0023684210517737818
1640671842,0.0019268292689514233,0.002405063291168713,0.0020000000000032336,0.002169642857292534
1640671857,0.004285714285303408,0.0011499999993247912,0.0012085561497064735,0.0016666666617513532
1640671872,0.0017042253527160681,0.0010769230788215422,0.0015625,0.0018181818181112633
1640671887,0.002305555555654724,0.0017499999987194315,0.001333333333604969,0.001416666670896423
1640671902,0.001821917808640187,0.0011250000025029294,0.001656249999996362,0.0020865384610190703
1640671917,0.001616216216211182,0.0012795698925382108,0.001090909090800613,0.0018571428621986083
1640671932,0.002092105262961827,0.0013235294112853486,0.0011578947374609445,0.0020263157892163454
1640671947,0.0024923857864049184,0.0014285714299018893,0.0018695652174031143,0.0016666666670775443
1640671962,0.0019625000000814906,0.0012941176468944727,0.0018888888880610466,0.0012903225799692014
1640671977,0.002324786324762445,0.0014444444440650168,0.0012135922330097086,0.0016956521734676282
1640671992,0.001093023256290444,0.00185714285720938,0.0012857142854565088,0.0012857142844170863
1640672007,0.0018516746410903962,0.001374999999825377,0.0015212765958610961,0.002050000000357007
1640672022,0.0012564102563863762,0.0014444444443966844,0.001449999999749707,0.0018108108102948078
1640672037,0.002760869566017114,0.0014285714299018895,0.001514285714282388,0.0023333333374466747
1640672052,0.0022067039107185834,0.0011333333328366279,0.001076923076582786,0.0019166666655413187
1640672067,0.002438202246584082,0.001466666666480402,0.0012000000002444723,0.0017727272729230622
1640672082,0.0013571428578524362,0.001363636364906349,0.0013134328358712843,0.0022926829264090375
1640672097,0.002606060606371047,0.0013384615384543746,0.0010606060607118925,0.0013333333384556076
1640672112,0.0017605633802816902,0.0010624999995343387,0.0015180722890275878,0.001738095237496531
1640672127,0.0039029126208121843,0.0017499999982343677,0.0013989361702462047,0.0012727272749709136
1640672142,0.0018076923084803498,0.0013052631580074757,0.0012857142844170863,0.0022964601768634026
1640672157,0.0028813559329137206,0.0014634146340895536,0.0013061224492456841,0.0017083333344392788
1640672172,0.0025070422534511686,0.0012000000026697914,0.0011599999997997656,0.0026428571394977295
1640672187,0.0016440677957735577,0.0016666666664550023,0.001354166666715173,0.002680000001564622
1640672202,0.00188333333353512,0.0014583333322661927,0.0014747474746804477,0.0022098765432558677
1640672217,0.0020560747660940213,0.0010476190474860015,0.0012903225809080346,0.0015200000000186262
1640672232,0.002057692307668428,0.003696428571337102,0.0014090909085511655,0.0020000000004074536
1640672247,0.0022111111113594637,0.001315789473888448,0.0014871794872959023,0.0014999999955762177
1640672262,0.00228877005324186,0.0011250000025029294,0.0015714285712290022,0.004724489795804328
1640672277,0.0016562499998447795,0.0012592592587073643,0.0011604938271274376,0.0025000000023283064
1640672292,0.0018756218910198751,0.0016428571439714038,0.0019999999998477646,0.001756756756819684
1640672307,0.001261538460564155,0.0014285714299018895,0.0015238095238889818,0.0021249999990686774
1640672322,0.001849999999976717,0.0014814814807053794,0.0013999999995576219,0.0022972972973392485
1640672337,0.0015164835168724204,0.001419999999925494,0.0012800000000667447,0.0017272727299396968
1640672352,0.0022380952376850126,0.0016470588230089668,0.0015999999993558352,0.0021666666652890854
1640672367,0.002541463414956702,0.001750000003085006,0.0012727272736480122,0.0017399999999906867
1640672382,0.001732558139253321,0.0012368421050364545,0.0013521126759218865,0.002650000000721775
1640672397,0.0024485981307279703,0.0023714285726392907,0.0011935483874572859,0.0012857142885747764
1640672412,0.0019056603778153658,0.0022499999977299012,0.0012439024388341505,0.0028701298701318857
1640672427,0.002142241379197944,0.0018823529415599564,0.0018285714285281886,0.003777777776122093
1640672442,0.0018400000012479723,0.0016901408450048364,0.0012500000011641532,0.001499999998486601
1640672457,0.0019234042550298446,0.0021162790701139806,0.001208333333326866,0.002070422535171916
1640672472,0.0025600000005215405,0.0010714285724264172,0.000999999999364193,0.0022142857155163904
1640672487,0.0016439790576598876,0.00187209302283347,0.0020425531915958693,0.001826530612282911
1640672502,0.001605633802016751,0.0009999999989910673,0.0015714285712290022,0.002058823529617204
1640672517,0.00232530120516151,0.0017272727281758278,0.001369565217274889,0.001166666663872699
1640672532,0.0027126436772081874,0.0014545454548417847,0.0014285714285159927,0.0015517241393761903
1640672547,0.0016913580252604996,0.0015714285712290022,0.0012500000011641532,0.0014931506848868546
1640672562,0.00230666666602095,0.002461538462039943,0.0016818181816647252,0.001749999999851247
1640672577,0.0031313131318775693,0.0017999999997714026,0.00154285714296358,0.0015714285712290022
1640672592,0.002467289719312826,0.0015882352942272145,0.0011333333328366279,0.001841463414787474
1640672607,0.00161016949105187,0.002010101009738829,0.0012954545454704203,0.0019999999979821346
1640672622,0.0017600000003585592,0.001374999999825377,0.0012999999999010472,0.001999999998825724
1640672637,0.0012794117638430392,0.0014347826085134366,0.0010322580647264277,0.0015714285733078473
1640672652,0.0021728395066155054,0.0014482758626149133,0.0013214285713079984,0.0014285714257441992
1640672667,0.0019270833327027501,0.001374999999825377,0.0011224489794492874,0.001572815534089086
1640672682,0.002204081632805114,0.0017777777781399586,0.0012542372882677936,0.0020149253732733314
1640672697,0.0026102719035033376,0.0012857142861989535,0.001548387096620225,0.001999999995210341
1640672712,0.0019387755096338844,0.0014444444419091775,0.0018281249999745341,0.002339920948633166
1640672727,0.0028978494623105133,0.0018214285716697174,0.0011538461538013788,0.0021111111143707405
1640672742,0.0015915492959451718,0.0011250000025029294,0.0015555555566809038,0.0017708333325572312
1640672757,0.0018499999999120418,0.001454545453077916,0.0015240384615166336,0.0016231884061277885
1640672772,0.002107142857442211,0.0012000000026697914,0.0011538461538013788,0.0013846153832184007
1640672787,0.001585858585924437,0.0012857142802593963,0.0016774193547110282,0.0016800000006332993
1640672802,0.002128205127799167,0.0014767441864742704,0.0022499999995488906,0.0017792207790635428
1640672817,0.0015442477878125434,0.0011363636347761546,0.0011333333335642238,0.0012500000011641532
1640672832,0.0017333333328780202,0.0014687500006402845,0.0013461538457284824,0.0015375000002677555
1640672847,0.001749999999777753,0.0014936708862881495,0.0011818181823896753,0.0016249999995731437
1640672862,0.001476190476086996,0.0020555555545595577,0.001606557377018645,0.0016346153850183606
1640672877,0.0014754098364854326,0.0012857142858029834,0.001298507462679617,0.0014285714215865092
1640672892,0.0017727272722616112,0.0017727272735845129,0.0021249999999781726,0.0018571428580409183
1640672907,0.0014032258073829352,0.0021785714281057672,0.0014000000001396981,0.0021931818185046063
1640672922,0.0015952380947835212,0.0020746268651712294,0.001388888888565513,0.0025060240961947895
1640672937,0.002270161290183633,0.0014347826097788209,0.0011379310343382432,0.0012857142885747764
1640672952,0.0022500000001552203,0.0017802197797029474,0.001500000000198591,0.0019999999991234607
1640672967,0.0023413461542356974,0.0014400000008754433,0.0013265306122924143,0.0016666666682188709
1640672982,0.0019540229876493587,0.001111111112145914,0.001719298245581357,0.003413043478402592
1640672997,0.002313253012519464,0.0013636363622605463,0.0011935483869878693,0.0020666666658750426
1640673012,0.0023706293700692742,0.0014687500006402843,0.0013703703702453317,0.002206896552173742
1640673027,0.002050000000357007,0.0014999999984866008,0.0013076923082385643,0.0015000000033372392
1640673042,0.0014750000002095476,0.0014545454548417847,0.0016666666663998815,0.001902621722743543
1640673057,0.01139583333295175,0.0014210526316769815,0.0016995073891682964,0.0012500000011641532
1640673072,0.0020121951224055233,0.002547619046665551,0.0015142857142823882,0.0025454545446502216
1640673087,0.0025161290315971257,0.0013333333384556074,0.001352112676126843,0.0017848101266235397
1640673102,0.0016000000009727148,0.001447368420868818,0.0012857142844170863,0.002276595745067251
1640673117,0.001935779816607748,0.001384615384710905,0.0013617021279369898,0.0012500000011641532
1640673132,0.0028108108105968583,0.002204081632805114,0.0011538461538013788,0.001333333330694586
1640673147,0.001816901408393863,0.0011999999997594083,0.0016666666657935518,0.001740740741499596
1640673162,0.0018108108102948078,0.0019090909098105674,0.0015416666665259982,0.0016533333334761361
1640673177,0.0034977973568035775,0.0011538461526820005,0.0013411764706046706,0.0015416666671323278
1640673192,0.0018734177220848542,0.0015942028983482633,0.001481481481783299,0.001500000000565446
1640673207,0.0015917159761605266,0.0012500000011641532,0.001333333333604969,0.001799999998183921
1640673222,0.0023375000004307368,0.0016206896558789343,0.0016551724136285163,0.002337662337571624
1640673237,0.001406249999490683,0.0012399999995250256,0.0014084507043073348,0.001583333335778055
1640673252,0.001603960396150256,0.0012857142885747764,0.001105263157545491,0.001347826085174861
1640673267,0.0019677419350632736,0.0015238095241199648,0.0014285714285159927,0.0015555555582977831
1640673282,0.0017417582419731624,0.0012686567158618968,0.0013750000001285416,0.0018333333331005026
1640673297,0.002375000000029104,0.0016521739130637243,0.0016739130432656764,0.0025000000023283064
1640673312,0.0020196078431920384,0.0012307692310199714,0.0010714285713869945,0.002063291139246401
1640673327,0.002307692307774969,0.002485714285700981,0.001419047619094185,0.0019866666666025086
1640673342,0.0024423076918957606,0.0015063291140006785,0.0016666666666019915,0.003099999998812564
1640673357,0.0027741935482481495,0.001166666666298018,0.0015185185184236616,0.0019499999994877727
1640673372,0.0026274509796434466,0.0014787234045178727,0.001076923076582786,0.0021538461576430844
1640673387,0.0018157894736392784,0.0015454545447772202,0.0012500000011641532,0.001374999999825377
1640673402,0.0024905660396160666,0.0014444444435260568,0.0015500000001338774,0.0017352941170375902
1640673417,0.0015113636353899812,0.0011647058828898212,0.0013859649122439392,0.0016428571460502487
1640673432,0.0019099526068690053,0.0013124999968567863,0.0016111111108330078,0.0034626865665664647
1640673447,0.0014821428568601344,0.0017600000021047888,0.001166666666904348,0.0019230769248679278
1640673462,0.001914414414624172,0.0013684210517615277,0.001714285712556115,0.0022368421042828187
1640673477,0.0013103448269332107,0.001102564102695443,0.001350649350735528,0.0016800000006332993
1640673492,0.003051282051138771,0.002657894737479326,0.0013846153843377787,0.0012307692310199714
1640673507,0.0014464285715283561,0.0019864864864487302,0.0013783783783642197,0.0017777777781399586
1640673522,0.0018534031416245625,0.0019210526309172186,0.0015714285722684249,0.0014512195122689463
1640673537,0.0016124999994644896,0.001434782608513437,0.0011612903223478144,0.001666666658517594
1640673552,0.0019300000002840532,0.0012666666686224441,0.0013928571430109774,0.0030909090922002433
1640673567,0.002711538460481769,0.0015161290319801698,0.0012499999993451638,0.0026250000009895302
1640673582,0.0017931034491429556,0.0017391304338715322,0.0015555555566809038,0.002928571427972721
1640673597,0.0018242187497889972,0.0012727272749709136,0.0011866666665688779,0.0011250000025029294
1640673612,0.002163265306711653,0.0011874999981955625,0.0015882352942272143,0.0019090909098105676
1640673627,0.0020416666666278616,0.0022970297031501066,0.001343750000160071,0.002333333333288985
1640673642,0.0027450980394896044,0.0015499999998913458,0.0011855670102882754,0.0016792452828804875
1640673657,0.0023319327733244658,0.0013999999995576219,0.0011935483869878693,0.0020833333352735886
1640673672,0.002148936168251044,0.0011428571430899734,0.001552631579167945,0.0013846153832184007
1640673687,0.004593869731886406,0.0013235294112853488,0.00139999999984866,0.0015769230757051937
1640673702,0.0021250000014939965,0.0026250000009895302,0.0018888888888694867,0.001754385965524993
1640673717,0.001532934131351729,0.0013783783793474573,0.0012499999999514937,0.0009999999976051705
1640673732,0.003562500000407454,0.0010769230743440299,0.0011538461538013788,0.002136363637294959
1640673747,0.0018076923073609716,0.0014259259262837953,0.0014130434783114847,0.004124999999476131
1640673762,0.0028695652187140526,0.00154545454477722,0.0012857142864959314,0.0025263157893756502
1640673777,0.0017706422015614466,0.001299999999658515,0.001241379310263203,0.0012857142885747764
1640673792,0.0015561797752913632,0.0012962962975035664,0.0010769230777021642,0.0019722222221187423
1640673807,0.0031538461539689657,0.0014444444419091775,0.0014545454544008171,0.0016666666617513532
1640673822,0.0026881720430107525,0.001446428571528356,0.0012000000002444723,0.0020845070428831473
1640673837,0.0020467289712575967,0.0014285714271300963,0.001129032258177176,0.0014230769235067642
1640673852,0.002558139535235674,0.003765957447343526,0.001396825396878985,0.0023076923053640015
1640673867,0.001879120878824084,0.0022110091741282256,0.001999999999599014,0.0025652173916687784
1640673882,0.001867403314855382,0.0018500000005587935,0.0015384615382152752,0.001851851851420684
1640673897,0.0019180327870175651,0.0021343283579378985,0.0012833333334128839,0.0014545454548417847
1640673912,0.002326923077746939,0.0010769230788215422,0.0011578947366950544,0.002055045871711293
1640673927,0.0019672131146777606,0.0017599999997764825,0.0025000000002494615,0.0016249999971478246
1640673942,0.0013783783777742773,0.0014999999984866008,0.0013508771929810945,0.0018863636360038072
1640673957,0.001990049751359617,0.0015777777776949935,0.0014666666664804023,0.0020454545473595235
1640673972,0.0019999999998750666,0.0012500000011641532,0.001076923076582786,0.0015238095241199648
1640673987,0.0021875000002182787,0.0012533333331036071,0.0013229166667467023,0.0014999999984866008
1640674002,0.002596244131249896,0.00150000000091192,0.0015714285712290022,0.004202898550420946
1640674017,0.0024130434789897304,0.0014761904742391337,0.0010000000002037268,0.0012500000011641532
1640674032,0.0022994350282854194,0.0018000000001241764,0.0021612903224341876,0.0022352941176744506
1640674047,0.0021899999992456287,0.0014999999984866008,0.0012727272723251108,0.0013333333319880897
1640674062,0.00155208333368743,0.0018750000017462298,0.0014999999999417925,0.0020833333331947436
1640674077,0.0018823529407039617,0.0019382716050187565,0.0013260869565546389,0.0024285714275070597
1640674092,0.0016742857146475995,0.0010624999995343387,0.0017499999999667384,0.002500000000509317
1640674107,0.0019009900982445568,0.0014044943820224719,0.0015384615387749642,0.0027000000001862648
1640674122,0.0015168539326889125,0.0012941176468944725,0.0015714285712290022,0.002375000000029104
1640674137,0.0019550561797648165,0.0015714285712290022,0.0014029850745869022,0.001851851851420684
1640674152,0.0023026315795600808,0.001379310346112169,0.0012173913045958411,0.002142857144852834
1640674167,0.0018360655738264729,0.0014999999984866008,0.0019152542372466996,0.0035833333337601894
1640674182,0.0015853658537153244,0.0014727272728288715,0.0012857142864959312,0.0035833333327900617
1640674197,0.0013756097561293623,0.002119047618526522,0.0012272727270266676,0.002142857144852834
1640674212,0.00197916666608459,0.0012941176468944725,0.0011904761908919596,0.00488053097346369
1640674227,0.004599078341112536,0.001572815534089086,0.0012499999999514935,0.001999999995210341
1640674242,0.0018913043465505798,0.0012222222220670017,0.0019062500000472935,0.0015925925927823064
1640674257,0.0021927710842288817,0.0012499999993451638,0.0011881188118350828,0.002052631581471743
1640674272,0.0017500000011006541,0.0010769230788215422,0.001076923077702164,0.0037826086956319273
1640674287,0.0020500000000042333,0.001363636364906349,0.001657142856856808,0.0012499999938881956
1640674302,0.001419999999925494,0.0016212121206053503,0.0020000000014468765,0.003256097561594599
1640674317,0.0019336492893555295,0.0018765432098995388,0.001510638297793079,0.0022857142861799472
1640674332,0.0018599999998696148,0.0012666666686224441,0.0011249999997744453,0.0024090909071012656
1640674347,0.0015714285712290026,0.0017142857146349602,0.0016923076920927716,0.001818181819875132
1640674362,0.0016686046512277668,0.0013333333319880897,0.0015294117648747987,0.002094594594185568
1640674377,0.0013944954128611252,0.0013134328356540913,0.001023809523931483,0.0018000000040046872
1640674392,0.001394871794857467,0.0013103448276022642,0.001583333332746406,0.0017692307681919863
1640674407,0.0019499999994877725,0.0014285714299018893,0.0013750000016443664,0.0015416666671323278
1640674422,0.002500000000110872,0.0013333333319880897,0.0013157894733778544,0.0022075471692314407
1640674437,0.0015588235298363384,0.0016607142855978704,0.0011935483869878693,0.0022857142861799472
1640674452,0.003521126760563381,0.0012941176468944725,0.0016836734694709089,0.001466666666480402
1640674467,0.0015901639336170477,0.0017916666668800947,0.0016122448979164188,0.002017241379784035
1640674482,0.002646766169186663,0.00160416666646294,0.001333333333604969,0.0016363636347126555
1640674497,0.0022078651687643083,0.0011904761915849079,0.001481481481513819,0.0022857142861799472
1640674512,0.0024328358209024727,0.001629629629422669,0.0013809523807140067,0.0018571428580409183
1640674527,0.0021747572808662086,0.0022499999977299012,0.001333333333604969,0.0015555555518302652
1640674542,0.0015250000004016328,0.0014545454548417847,0.0021111111111369813,0.0028464912282192686
1640674557,0.0018319999994710085,0.0014191176472676862,0.0016582278480860384,0.0024444444441340035
1640674572,0.0014897959178541693,0.0020588235279052135,0.0017647058822844617,0.0019523809525361729
1640674587,0.001830769231160864,0.002000000000137974,0.001333333333604969,0.0020000000004074536
1640674602,0.0021219512195008376,0.0012903225809080346,0.0015833333333527357,0.002149999997345731
1640674617,0.0025572519081125734,0.0010952380945950392,0.0013220338982044546,0.0018800000008195638
1640674632,0.002040540541497034,0.0016779661014818161,0.0011333333338067557,0.0020000000009671426
1640674647,0.005346153846143612,0.0013000000035390258,0.0017586206893862128,0.0014400000000993412
1640674662,0.0011166666653783372,0.0016666666682188709,0.0024444444457508833,0.0021428571424770113
1640674677,0.002502074688808274,0.0017431192660764066,0.0013931623931663732,0.002000000003525721
